trial_id,learning_rate,conv1d_strides,conv1d_filters,hidden_units,input_size,tuner/epochs,tuner/initial_epoch,tuner/bracket,tuner/round,loss,error_to_signal,val_loss,val_error_to_signal,prediction_time
0000,0.0008637918074781524,6,24,90,126,3,0,1,0,0.010945986956357956,0.010945921763777733,0.010170944035053253,0.010171537287533283,103.02969059999998
0002,0.00016785171923416138,5,13,117,57,3,0,1,0,0.03607955947518349,0.036078326404094696,0.030837250873446465,0.0308285690844059,98.10623960000001
0032,0.0006485100877596514,4,26,47,117,3,0,1,0,0.013163723051548004,0.013163606636226177,0.012043043971061707,0.012043608352541924,121.06772169999994
0003,0.001810157689657075,9,15,119,131,3,0,1,0,0.011126847006380558,0.0111260786652565,0.010122706182301044,0.010120287537574768,81.8396035
0008,0.008600386904862593,8,21,85,102,8,0,0,0,0.007687040138989687,0.007687123026698828,0.007636270485818386,0.007636898662894964,59.124110000000016
0001,0.0028102636841753114,8,20,93,51,3,0,1,0,0.014100056141614914,0.0140988165512681,0.013968958519399166,0.013965378515422344,30.98635409999997
0010,0.009635818369689405,7,15,52,142,3,0,1,0,0.007659286260604858,0.007658850401639938,0.007285058032721281,0.007285603787750006,99.75623870000004
0009,0.00046884292239125904,5,25,98,66,8,0,0,0,0.011780370958149433,0.011780262924730778,0.011707592755556107,0.011709260754287243,91.98169030000003
0004,0.0002395422625431563,8,13,106,125,3,0,1,0,0.03864961117506027,0.03864624351263046,0.029600368812680244,0.029612552374601364,66.52642959999997
0034,0.00010737419169198659,9,24,113,54,3,0,1,0,0.06256014853715897,0.06255326420068741,0.04660576954483986,0.0466238297522068,35.02999020000016
0007,0.00048690017276281297,9,22,107,104,8,0,0,0,0.0097284447401762,0.00972867850214243,0.009589879773557186,0.009594542905688286,60.590633300000036
0013,0.0005668181079162232,9,23,54,72,3,0,1,0,0.0182162057608366,0.018215732648968697,0.016611462458968163,0.016616087406873703,26.45938789999991
0006,0.0008637918074781524,6,24,90,126,8,3,1,1,0.008784657344222069,0.008784251287579536,0.008454427123069763,0.008455183357000351,98.03968710000004
0012,0.0003356555043298974,9,22,61,157,3,0,1,0,0.019947227090597153,0.01994580775499344,0.01730268821120262,0.017308058217167854,48.83469140000011
0015,0.009635818369689405,7,15,52,142,8,3,1,1,0.006794004235416651,0.006794158834964037,0.006864739116281271,0.006865361239761114,50.184381299999814
0011,0.00012624299346670673,11,17,64,110,3,0,1,0,0.060227084904909134,0.06022138148546219,0.04577380046248436,0.04574861004948616,27.739831100000174
0045,0.0019555682562668866,5,19,109,116,8,3,1,1,0.007687914650887251,0.0076874541118741035,0.0077187977731227875,0.0077207693830132484,149.2198386
0014,0.00015647109554538187,6,16,121,76,3,0,1,0,0.03420957550406456,0.03420625999569893,0.02836724929511547,0.02835964784026146,113.19145449999996
0016,0.0005668181079162232,9,23,54,72,8,3,1,1,0.014362050220370293,0.0143616097047925,0.013991591520607471,0.013987977989017963,47.13744750000001
0018,0.006605972694539624,6,12,100,140,8,0,0,0,0.005432287696748972,0.00543215312063694,0.005484167020767927,0.005484296474605799,141.53578500000003
0005,0.001810157689657075,9,15,119,131,8,3,1,1,0.007888657040894032,0.00788846891373396,0.007590897846966982,0.007591415196657181,74.32439040000008
0025,0.007322057994297387,9,13,105,138,8,3,1,1,0.006724261213093996,0.00672436598688364,0.006506074219942093,0.006508940830826759,66.44586949999984
0017,0.002953262609705247,6,24,55,138,8,0,0,0,0.006610217969864607,0.006610047072172165,0.0064611248672008514,0.0064610084518790245,83.7653972999999
0019,0.0006634068043893112,4,25,101,106,8,0,0,0,0.00912458822131157,0.009124739095568657,0.008947949856519699,0.008952139876782894,200.50211629999967
0047,0.0011695529042992335,5,17,52,123,8,0,0,0,0.008109643124043941,0.008109359070658684,0.008016390725970268,0.008019623346626759,79.69184859999996
0021,0.00022023203381828493,10,26,39,54,3,0,1,0,0.026228241622447968,0.026226183399558067,0.02306234836578369,0.02307034656405449,25.482417700000042
0022,0.00010579751249183485,9,19,115,146,3,0,1,0,0.06813507527112961,0.06812838464975357,0.05368465557694435,0.05369138717651367,72.88187760000028
0020,0.007322057994297387,9,13,105,138,3,0,1,0,0.007708930876106024,0.007708588615059853,0.007190500386059284,0.007187981624156237,90.86404740000012
0023,0.002803230389347176,9,20,92,139,3,0,1,0,0.008605829440057278,0.008605499751865864,0.007997827604413033,0.007999110035598278,58.01432539999996
0024,0.00856296003435503,10,12,102,123,3,0,1,0,0.008121205493807793,0.008121326565742493,0.007716665975749493,0.00772008066996932,59.38430400000016
0026,0.00856296003435503,10,12,102,123,8,3,1,1,0.007159304339438677,0.007159337867051363,0.007338328752666712,0.007338292431086302,69.97780000000012
0031,0.0041390595342131326,8,14,94,151,3,0,1,0,0.007345668505877256,0.007345597259700298,0.0068526375107467175,0.006853014230728149,78.63816989999987
0028,0.002269170549520706,4,16,37,52,8,0,0,0,0.012023603543639183,0.012023686431348324,0.011933690868318081,0.011928058229386806,52.04119129999981
0027,0.0005079680302339992,4,23,42,144,8,0,0,0,0.008271136321127415,0.008270900696516037,0.008127018809318542,0.0081255454570055,131.32782240000006
0062,0.0014624836934599252,3,15,58,87,3,0,1,0,0.012003384530544281,0.012002987787127495,0.011678097769618034,0.011680927127599716,147.4766513999998
0030,0.0068114927557705275,7,26,48,83,3,0,1,0,0.010131477378308773,0.010131374932825565,0.009920809417963028,0.009921505115926266,44.36086599999999
0029,0.0003861184507000286,8,24,78,118,8,0,0,0,0.010404238477349281,0.010403899475932121,0.010220727883279324,0.010219991207122803,64.44767589999992
0039,0.00029871190678941467,10,18,39,135,8,0,0,0,0.012725180946290493,0.012725284323096275,0.012356899678707123,0.012362704612314701,41.999457699999766
0033,0.006543006335883939,8,23,96,130,3,0,1,0,0.0071820467710494995,0.007182016968727112,0.007244397886097431,0.0072402688674628735,82.40031680000038
0037,0.0021115502346923864,7,15,104,62,8,0,0,0,0.01051284745335579,0.01051298063248396,0.010582789778709412,0.010582217946648598,58.03067950000013
0070,0.00281871658181403,11,26,58,69,3,0,1,0,0.01265688519924879,0.012656866572797298,0.012221165932714939,0.012219677679240704,29.598277000000053
0056,0.0005393732643469157,4,14,81,61,8,3,1,1,0.014512515626847744,0.014512266963720322,0.013975942507386208,0.013978540897369385,84.69515559999991
0040,0.0019555682562668866,5,19,109,116,3,0,1,0,0.008920055814087391,0.00891980342566967,0.008863043040037155,0.008861918933689594,144.71747430000005
0042,0.0017503179849257852,11,15,75,137,3,0,1,0,0.011174137704074383,0.011173340491950512,0.01008006650954485,0.010082355700433254,50.14214189999984
0038,0.0013116681661809325,9,18,121,90,8,0,0,0,0.008949755690991879,0.008949804119765759,0.008976480923593044,0.008974677883088589,65.90830160000041
0041,0.0007967394249203055,7,21,65,123,3,0,1,0,0.012859126552939415,0.012858603149652481,0.011879750527441502,0.01188281737267971,63.69842119999976
0069,0.0007978549203583755,12,16,66,139,8,0,0,0,0.011103375814855099,0.011103196069598198,0.010854674503207207,0.010854256339371204,29.243946000000506
0066,0.0014624836934599252,3,15,58,87,8,3,1,1,0.01026147324591875,0.01026147324591875,0.009864677675068378,0.009865401312708855,147.50894470000003
0035,0.0041390595342131326,8,14,94,151,8,3,1,1,0.006112433038651943,0.006112345494329929,0.006444184575229883,0.0064436886459589005,78.6613570999998
0079,0.0007129239549612552,3,15,114,60,8,0,0,0,0.011785663664340973,0.011785660870373249,0.011547785252332687,0.011542241089046001,175.33486450000055
0046,0.005910910118254745,6,16,97,82,8,3,1,1,0.009240238927304745,0.009240022860467434,0.009034709073603153,0.009038465097546577,71.72691080000004
0064,0.0003704583453935305,12,16,107,119,3,0,1,0,0.028247876092791557,0.02824586257338524,0.025468600913882256,0.025482824072241783,38.12091869999995
0048,0.00011219250891876992,5,23,49,74,8,0,0,0,0.017188450321555138,0.01718837395310402,0.016710080206394196,0.016708625480532646,49.97831550000046
0044,0.005910910118254745,6,16,97,82,3,0,1,0,0.009791598655283451,0.009791746735572815,0.009457685984671116,0.009455468505620956,71.45975939999971
0072,0.0012272317028993447,9,18,79,95,3,0,1,0,0.012994539923965931,0.012994262389838696,0.012111753225326538,0.012111791409552097,46.200361400000475
0071,0.0005507636527648588,9,15,51,118,3,0,1,0,0.018197033554315567,0.018196359276771545,0.016107849776744843,0.01610727421939373,38.95375960000001
0081,0.0003245723031246938,6,19,119,106,3,0,1,0,0.02130746841430664,0.02130603976547718,0.017678985372185707,0.01768168993294239,94.01633179999953
0068,0.00018430988799359848,5,22,101,156,8,0,0,0,0.010204657912254333,0.010204260237514973,0.009856211952865124,0.009857234545052052,178.92227160000039
0036,0.006543006335883939,8,23,96,130,8,3,1,1,0.006499811075627804,0.006500020157545805,0.006719647906720638,0.0067169987596571445,77.33510419999948
0052,0.0001381941156312248,6,19,51,79,3,0,1,0,0.04201448708772659,0.04201345518231392,0.03374416008591652,0.033753715455532074,48.42350379999971
0073,0.0009146208704225965,9,23,75,115,3,0,1,0,0.013401246629655361,0.013401011005043983,0.012120041996240616,0.012122200801968575,48.08052500000031
0049,0.00023979789646601506,9,16,103,144,8,0,0,0,0.012889521196484566,0.012889415957033634,0.012473171576857567,0.012468132190406322,57.17468760000065
0075,0.00844891068431229,7,22,72,56,8,3,1,1,0.010923609137535095,0.010923588648438454,0.011190041899681091,0.011187353171408176,46.884416100000635
0095,0.0045087353342073,12,17,109,61,8,3,1,1,0.011764331720769405,0.011764713563024998,0.011667441576719284,0.011661163531243801,33.65055420000044
0053,0.00016825217239597876,5,19,42,83,3,0,1,0,0.03372836485505104,0.033726029098033905,0.02862817607820034,0.028627239167690277,55.55188180000005
0078,0.009943803078013987,8,19,78,67,8,0,0,0,0.009709781967103481,0.009709999896585941,0.009690689854323864,0.0096929045394063,45.0356541000001
0043,0.0012625922010351825,12,15,109,140,3,0,1,0,0.01616481877863407,0.016164500266313553,0.014383689500391483,0.014381421729922295,37.33465509999951
0055,0.0033634599074899556,11,17,101,59,8,3,1,1,0.012031986378133297,0.012031857855618,0.01221833098679781,0.012222682125866413,32.09384150000005
0080,0.0016288864664974797,7,18,44,89,3,0,1,0,0.012507305480539799,0.012507462874054909,0.012085997499525547,0.012087659910321236,36.3305534000001
0051,0.00016164873790817211,7,22,121,67,3,0,1,0,0.03356058895587921,0.03355855867266655,0.026975588873028755,0.02698201686143875,64.35993980000057
0091,0.0003723517832020787,7,14,41,137,3,0,1,0,0.024195821955800056,0.024194367229938507,0.019805369898676872,0.019800791516900063,45.85197310000058
0054,0.0005393732643469157,4,14,81,61,3,0,1,0,0.019477128982543945,0.01947649195790291,0.017706770449876785,0.017710600048303604,77.64827460000015
0109,0.006936536084698388,10,23,99,101,8,0,0,0,0.0074296980164945126,0.007429496385157108,0.007534440606832504,0.007533756084740162,56.826097400000435
0082,0.001344121154884341,6,14,78,144,3,0,1,0,0.009954401291906834,0.009954027831554413,0.009162596426904202,0.00916848611086607,77.65315250000003
0050,0.0033634599074899556,11,17,101,59,3,0,1,0,0.01316868606954813,0.013168366625905037,0.01308820117264986,0.013090681284666061,32.13384760000008
0084,0.0031487924958808525,4,19,111,122,3,0,1,0,0.008221969939768314,0.008222024887800217,0.007808210793882608,0.007807270623743534,205.81052980000004
0063,0.0019354155127066595,8,25,75,105,3,0,1,0,0.010753044858574867,0.010752611793577671,0.010042411275207996,0.010046600364148617,48.59769369999958
0096,0.0013587423592826974,11,13,126,74,8,3,1,1,0.013208003714680672,0.013207634910941124,0.013031580485403538,0.013029636815190315,37.140337900000304
0057,0.00030154797014856597,12,25,105,62,8,0,0,0,0.013623500242829323,0.013623517006635666,0.013617576099932194,0.013618241995573044,34.23071079999954
0110,0.0024174314667387863,10,24,106,129,3,0,1,0,0.008875718340277672,0.008875559084117413,0.008317435160279274,0.008317501284182072,59.6587969000002
0083,0.004306213731281972,4,15,69,117,3,0,1,0,0.008106167428195477,0.008106159046292305,0.008110873401165009,0.00810993928462267,137.37519199999952
0094,0.0013587423592826974,11,13,126,74,3,0,1,0,0.01576955057680607,0.0157688707113266,0.014279848895967007,0.014284834265708923,36.840028199999324
0060,0.00013337142889053942,11,21,80,71,3,0,1,0,0.048143062740564346,0.04813849553465843,0.036388445645570755,0.03638134151697159,28.87062320000041
0085,0.0031487924958808525,4,19,111,122,8,3,1,1,0.006798338145017624,0.006798390299081802,0.006488864775747061,0.0064883423037827015,203.91772670000046
0065,0.0019354155127066595,8,25,75,105,8,3,1,1,0.009063011966645718,0.009062675759196281,0.008920249529182911,0.008920653723180294,48.68704960000014
0058,0.00018637806828434848,5,12,114,151,8,0,0,0,0.012816824950277805,0.012816926464438438,0.012334082275629044,0.012337367981672287,175.5610915999996
0111,0.0019721491098115516,8,14,58,140,3,0,1,0,0.010045439004898071,0.010044862516224384,0.009210381656885147,0.009213870391249657,51.15748480000002
0104,0.0002041224826603666,4,21,126,55,3,0,1,0,0.03236355260014534,0.032362572848796844,0.028133874759078026,0.0281243696808815,120.5269918999993
0107,0.0001325561691316467,3,19,42,76,8,0,0,0,0.015176387503743172,0.01517653837800026,0.01488697063177824,0.014887399040162563,105.8746899000007
0067,0.0002472237403809782,6,18,93,121,8,0,0,0,0.010957648977637291,0.010957573540508747,0.010740791447460651,0.010744379833340645,92.4370942000005
0086,0.004306213731281972,4,15,69,117,8,3,1,1,0.007301605772227049,0.00730159692466259,0.006990960333496332,0.006989299785345793,128.47694429999956
0100,0.001187577274462532,4,15,64,98,3,0,1,0,0.011878048069775105,0.011877523735165596,0.011122488416731358,0.011130709201097488,105.03881490000094
0087,0.00013381452948593074,6,14,77,52,8,0,0,0,0.01783236488699913,0.017832530662417412,0.017361018806695938,0.017358969897031784,41.915079700000206
0059,0.000341627685690365,7,23,99,126,8,0,0,0,0.010002289898693562,0.010002347640693188,0.009641154669225216,0.009639204479753971,78.54992780000066
0113,0.0004996902435350934,5,24,56,50,3,0,1,0,0.016788924112915993,0.016787927597761154,0.015973638743162155,0.015983281657099724,37.256798499998695
0074,0.00844891068431229,7,22,72,56,3,0,1,0,0.011608241125941277,0.011608652770519257,0.0111696133390069,0.011166182346642017,41.741837399999895
0106,0.007136140594736352,4,23,91,52,8,3,1,1,0.011060116812586784,0.011060005985200405,0.010751312598586082,0.010749295353889465,91.59655920000114
0114,0.003517438788693305,7,14,99,151,3,0,1,0,0.007084337528795004,0.0070840707048773766,0.006847405340522528,0.006847381126135588,96.79906780000056
0125,0.007282286591355298,9,13,111,114,8,3,1,1,0.007486151996999979,0.007486465387046337,0.00732817780226469,0.007331306114792824,59.88084369999979
0088,0.0007373196097809678,11,23,64,111,8,0,0,0,0.011124402284622192,0.011124379932880402,0.010875662788748741,0.010873640887439251,30.246256799999173
0061,0.0004149131024185803,10,12,58,75,3,0,1,0,0.02533109486103058,0.025330787524580956,0.02254977822303772,0.02255263365805149,24.56922769999983
0089,0.0029985904666745577,10,12,50,142,8,0,0,0,0.007511951960623264,0.007512012496590614,0.0074955192394554615,0.007496500853449106,37.44397619999927
0116,0.0024174314667387863,10,24,106,129,8,3,1,1,0.00746638560667634,0.007466540671885014,0.007370502222329378,0.00737155694514513,61.343682899998385
0121,0.007282286591355298,9,13,111,114,3,0,1,0,0.00844679493457079,0.008446846157312393,0.008064569905400276,0.008065148256719112,59.06854000000021
0115,0.003517438788693305,7,14,99,151,8,3,1,1,0.006157776806503534,0.006158038042485714,0.005971136968582869,0.005971659440547228,98.80186350000076
0093,0.0002527422684332542,10,12,40,76,3,0,1,0,0.033559832721948624,0.033556900918483734,0.02802394889295101,0.028036223724484444,21.659024399999907
0076,0.0012272317028993447,9,18,79,95,8,3,1,1,0.010701046325266361,0.01070082001388073,0.01027771271765232,0.010278608649969101,60.359468700000434
0090,0.0045087353342073,12,17,109,61,3,0,1,0,0.01305515319108963,0.013055481016635895,0.012391923926770687,0.012395245023071766,33.619482699999935
0139,0.0016259305850231298,9,15,88,114,8,0,0,0,0.007937749847769737,0.00793759897351265,0.007871617563068867,0.007873105816543102,50.22937989999991
0097,0.006851781534735413,7,17,99,137,8,0,0,0,0.005737484898418188,0.005737318191677332,0.005693062208592892,0.005693502724170685,78.6272657999998
0123,0.006128566224626864,12,22,65,56,3,0,1,0,0.012790868990123272,0.01279060635715723,0.012448661029338837,0.012450897134840488,30.31010199999946
0128,0.001346159980483405,6,16,90,113,8,0,0,0,0.007823147810995579,0.007823253981769085,0.007652370724827051,0.007652756758034229,97.48441270000149
0118,0.0008428991425794564,5,25,115,51,8,0,0,0,0.012395765632390976,0.012395857833325863,0.012152126990258694,0.012148297391831875,99.88956419999886
0099,0.002930054222889065,7,16,119,61,8,0,0,0,0.010147321037948132,0.010147454217076302,0.010323920287191868,0.010320179164409637,61.31334179999976
0092,0.00037484460307308213,11,13,74,84,3,0,1,0,0.027319185435771942,0.027318835258483887,0.024719353765249252,0.02470753900706768,37.83110770000167
0077,0.0003156012514566262,5,20,65,150,8,0,0,0,0.008509726263582706,0.008509687148034573,0.008579052984714508,0.008581315167248249,107.04251979999935
0142,0.00021714970665428015,4,18,44,116,3,0,1,0,0.027408653870224953,0.02740614116191864,0.023162318393588066,0.02315976470708847,97.8174839000003
0130,0.0068898097824767164,4,26,103,142,3,0,1,0,0.006096240133047104,0.006096047814935446,0.005895046517252922,0.005896623246371746,231.62534919999962
0122,0.00029397733154084595,5,23,58,120,3,0,1,0,0.01788136549293995,0.01788012683391571,0.0156997162848711,0.015699831768870354,82.56026360000033
0127,0.0001378325842049927,11,18,60,92,8,0,0,0,0.019264528527855873,0.019264161586761475,0.018636144697666168,0.018631789833307266,27.14430949999951
0131,0.0010433012022792003,10,26,114,120,3,0,1,0,0.012524859048426151,0.012524223886430264,0.011348504573106766,0.011349482461810112,66.58891380000023
0098,0.0006654334507308442,8,22,50,50,8,0,0,0,0.013766695745289326,0.013766263611614704,0.013787283562123775,0.013791482895612717,23.89799049999965
0101,0.0001336490177695986,8,22,89,55,3,0,1,0,0.04873422533273697,0.04872894659638405,0.03638488054275513,0.03638458624482155,30.539266100000532
0144,0.00011893404711008536,4,24,48,89,3,0,1,0,0.03559360280632973,0.03559211641550064,0.030235009267926216,0.030230553820729256,91.16151560000071
0102,0.007136140594736352,4,23,91,52,3,0,1,0,0.011881633661687374,0.011882007122039795,0.01177285611629486,0.011774166487157345,95.38441020000027
0132,0.0008170013503065374,8,25,90,88,3,0,1,0,0.013729154132306576,0.013728921301662922,0.01256103441119194,0.012561779469251633,52.957237699998586
0126,0.006128566224626864,12,22,65,56,8,3,1,1,0.011997422203421593,0.011997663415968418,0.01200887467712164,0.012011239305138588,26.444931300000462
0129,0.0003951077223116398,8,14,41,107,8,0,0,0,0.011879106983542442,0.011878738179802895,0.011704468168318272,0.011707214638590813,35.14727119999952
0133,0.00020182582526346408,7,15,59,130,3,0,1,0,0.03570174053311348,0.03569985181093216,0.028092581778764725,0.028105126693844795,51.0343516999983
0103,0.001445187802781273,4,20,49,69,3,0,1,0,0.013444417156279087,0.013443753123283386,0.012626416981220245,0.012622271664440632,72.73069530000066
0112,0.00013810231232094894,4,17,97,118,3,0,1,0,0.035455454140901566,0.03545375540852547,0.031582385301589966,0.03158870339393616,176.7631266999997
0145,0.006461870339364741,3,17,120,97,8,3,1,1,0.0070868502371013165,0.0070867715403437614,0.007053439039736986,0.00705299386754632,305.1353338000008
0117,0.0002667405406844709,6,17,86,95,8,0,0,0,0.011956152506172657,0.01195626799017191,0.011734835803508759,0.011736590415239334,66.92906659999971
0160,0.0005411531797772889,9,13,62,142,3,0,1,0,0.019387705251574516,0.019386762753129005,0.017299789935350418,0.017309771850705147,42.30421000000024
0105,0.001187577274462532,4,15,64,98,8,3,1,1,0.010378367267549038,0.01037843618541956,0.009903385303914547,0.009905650280416012,104.80604849999872
0143,0.006461870339364741,3,17,120,97,3,0,1,0,0.009173572063446045,0.009173286147415638,0.00827191025018692,0.008269437588751316,293.9623419999989
0137,0.0011244542445332348,9,13,120,144,8,0,0,0,0.007472324185073376,0.0074721346609294415,0.007310532033443451,0.0073102544993162155,64.3007065999991
0154,0.00757190793082948,8,17,115,57,3,0,1,0,0.012697636149823666,0.012697597034275532,0.012754111550748348,0.012758402153849602,37.34824529999969
0135,0.0068898097824767164,4,26,103,142,8,3,1,1,0.005366010125726461,0.0053659542463719845,0.005337093956768513,0.005337370093911886,225.8214167999995
0119,0.003426975736449471,11,21,122,106,8,0,0,0,0.00882410816848278,0.008824075572192669,0.008636956103146076,0.008639863692224026,39.902401199999076
0161,0.00018682425489218886,10,19,105,72,3,0,1,0,0.03317686542868614,0.033175088465213776,0.026871636509895325,0.026867426931858063,33.85149910000109
0167,0.0001210483720178336,4,25,109,102,8,0,0,0,0.012975459918379784,0.012975158169865608,0.012546219862997532,0.012542683631181717,186.50162330000057
0108,0.0002960415900405778,9,24,40,81,8,0,0,0,0.013692888431251049,0.013693325221538544,0.013514585793018341,0.013516019098460674,24.17660920000162
0150,0.00046666457436384424,10,19,83,57,3,0,1,0,0.02116381749510765,0.021162958815693855,0.019062690436840057,0.019079934805631638,29.72153900000012
0147,0.0030450456971820813,9,25,78,135,8,0,0,0,0.0068452684208750725,0.0068453047424554825,0.006731715518981218,0.006731304340064526,51.69415529999969
0158,0.00530278435624136,10,17,60,132,8,0,0,0,0.006891616620123386,0.006891991477459669,0.0068017044104635715,0.006800328381359577,41.65442299999995
0124,0.0010028966014693037,5,14,85,72,3,0,1,0,0.013713574036955833,0.01371325459331274,0.012857998721301556,0.012853657826781273,64.13258069999938
0138,0.00018702715280418566,11,24,117,73,8,0,0,0,0.01580033078789711,0.015800248831510544,0.015247108414769173,0.015249974094331264,36.65990670000065
0207,0.0030362419799012936,8,24,95,56,8,0,0,0,0.011453326791524887,0.011453396640717983,0.011369975283741951,0.011365202255547047,32.12342549999994
0120,0.0017491856822561972,7,25,105,52,3,0,1,0,0.01393179502338171,0.013931422494351864,0.013445506803691387,0.013444975018501282,59.88244379999924
0152,0.0002545349849893049,10,25,62,111,3,0,1,0,0.023118842393159866,0.02311796322464943,0.01984812133014202,0.019847063347697258,43.446454599999925
0148,0.00021334004694169303,8,22,67,147,8,0,0,0,0.011334776878356934,0.01133460458368063,0.011053907684981823,0.011051799170672894,62.88301809999939
0134,0.0006060757455355893,7,13,116,103,3,0,1,0,0.01691390760242939,0.01691330038011074,0.015013781376183033,0.015017841942608356,86.24515639999845
0140,0.001245158156781897,5,19,48,128,3,0,1,0,0.01099355611950159,0.010993472300469875,0.01029894594103098,0.010299213230609894,88.41458700000112
0164,0.003481939845832107,11,16,54,133,3,0,1,0,0.009683316573500633,0.009683214128017426,0.009087064303457737,0.009084389545023441,38.446185899998454
0172,0.0006361252779797229,7,22,94,105,3,0,1,0,0.012933404184877872,0.012932928279042244,0.011918370611965656,0.011917432770133018,74.61169239999981
0222,0.0005062260434083357,3,22,43,117,3,0,1,0,0.013801163993775845,0.013800926506519318,0.013160868547856808,0.013161951676011086,158.0849648000003
0179,0.0019960237923011934,11,26,56,77,8,0,0,0,0.010672537609934807,0.010672207921743393,0.010600690729916096,0.010603375732898712,26.364326700000674
0136,0.0010433012022792003,10,26,114,120,8,3,1,1,0.009094505570828915,0.00909434724599123,0.008970890194177628,0.008968645706772804,76.98181360000126
0171,0.001566158835875298,8,22,91,121,3,0,1,0,0.010785642080008984,0.010785261169075966,0.010217457078397274,0.010220333933830261,56.38214660000085
0146,0.001245158156781897,5,19,48,128,8,3,1,1,0.008566830307245255,0.00856679305434227,0.008328083902597427,0.008328577503561974,86.63722419999976
0168,0.0005527499110471527,3,17,45,68,8,0,0,0,0.011723238043487072,0.011722956784069538,0.01168912649154663,0.01169203408062458,98.46118790000037
0141,0.0007595965552970488,12,19,57,94,3,0,1,0,0.01914183236658573,0.01914047822356224,0.016411159187555313,0.016413165256381035,26.11440330000005
0174,0.0001533590754695527,11,17,102,83,3,0,1,0,0.04765109717845917,0.047647442668676376,0.036721181124448776,0.03673035278916359,35.5955457
0181,0.00012312657385013168,7,20,79,156,3,0,1,0,0.04109007865190506,0.041086241602897644,0.03180290386080742,0.03179452195763588,83.54554430000098
0149,0.0065066884560104786,3,13,107,151,8,0,0,0,0.003965685144066811,0.00396597757935524,0.003926331643015146,0.0039262413047254086,390.1932608999996
0223,0.0001697761828848378,10,12,88,92,3,0,1,0,0.061886198818683624,0.06188128516077995,0.04763485863804817,0.047640811651945114,30.551395300000877
0173,0.0035157669392935006,10,20,81,159,3,0,1,0,0.008100210689008236,0.008100161328911781,0.007779283914715052,0.007780785672366619,49.94679519999954
0184,0.005853304584352487,4,13,121,127,3,0,1,0,0.006953912787139416,0.006953523959964514,0.00695668812841177,0.006956505123525858,220.00699779999923
0156,0.0008770141696048767,4,18,43,87,8,3,1,1,0.011035790666937828,0.011035949923098087,0.010797696188092232,0.010803966782987118,76.98494729999948
0176,0.001566158835875298,8,22,91,121,8,3,1,1,0.00871469359844923,0.008714691735804081,0.008422373794019222,0.008422885090112686,54.757972499999596
0183,0.0028656743671223324,7,24,59,133,3,0,1,0,0.008600088767707348,0.008599942550063133,0.008270079270005226,0.008265649899840355,55.78691179999987
0250,0.0016137433190825015,11,18,78,131,3,0,1,0,0.011076189577579498,0.011075944639742374,0.010221925564110279,0.010220837779343128,47.20001520000005
0151,0.0008770141696048767,4,18,43,87,3,0,1,0,0.014439025893807411,0.014438724145293236,0.013150508515536785,0.013150385580956936,78.12099929999931
0187,0.0005522541253612088,4,16,54,59,8,0,0,0,0.012373967096209526,0.01237372774630785,0.012113365344703197,0.01211664266884327,57.46903449999991
0185,0.005853304584352487,4,13,121,127,8,3,1,1,0.00611419603228569,0.006113898009061813,0.006230206228792667,0.0062302276492118835,217.14423449999958
0153,0.00031457995523847436,7,24,121,71,3,0,1,0,0.02095872350037098,0.020959066227078438,0.01818951405584812,0.018188098445534706,67.85876480000115
0163,0.00012322694958702516,5,18,76,134,3,0,1,0,0.040964219719171524,0.04096037149429321,0.0326734334230423,0.032673195004463196,111.21976760000143
0186,0.0028656743671223324,7,24,59,133,8,3,1,1,0.007541823200881481,0.007542017847299576,0.007304595783352852,0.007304748520255089,55.39866570000231
0264,0.0007225512827033819,12,20,40,137,3,0,1,0,0.018065232783555984,0.018064022064208984,0.015880808234214783,0.015881698578596115,29.76390360000005
0189,0.0024227951740774813,11,15,40,144,8,0,0,0,0.007802898529917002,0.007802966982126236,0.007837203331291676,0.007841835729777813,35.86400289999983
0155,0.00757190793082948,8,17,115,57,8,3,1,1,0.011566434986889362,0.011566221714019775,0.011453425511717796,0.011455303989350796,36.00108050000017
0188,0.0011567623334325177,3,13,86,96,8,0,0,0,0.008902453817427158,0.008902470581233501,0.008652988821268082,0.008657929487526417,200.93722550000166
0157,0.00022936724100617234,6,18,98,147,8,0,0,0,0.01016963180154562,0.010169544257223606,0.00999574363231659,0.009997053071856499,116.70458169999984
0192,0.0019470721462503994,3,25,60,106,3,0,1,0,0.009725836105644703,0.009725558571517467,0.009139901958405972,0.009137829765677452,181.3851767999986
0165,0.003481939845832107,11,16,54,133,8,3,1,1,0.008109532296657562,0.008109289221465588,0.00802823156118393,0.008026723749935627,38.3941018000005
0190,0.008440052458138132,7,19,119,138,3,0,1,0,0.007003421429544687,0.007003139704465866,0.006564370356500149,0.006564855109900236,93.24488469999778
0191,0.0004649990608657376,8,15,67,67,3,0,1,0,0.020625319331884384,0.020623501390218735,0.017744392156600952,0.017744150012731552,38.58057650000046
0195,0.008440052458138132,7,19,119,138,8,3,1,1,0.006050996016710997,0.006050869822502136,0.005908964667469263,0.005908850114792585,96.99844139999914
0159,0.0035864828051909445,4,24,46,123,8,0,0,0,0.0066484794951975346,0.0066482508555054665,0.006530350539833307,0.006532555446028709,109.33762709999974
0196,0.009275159422772563,10,18,73,109,8,3,1,1,0.007904009893536568,0.007903866469860077,0.007738912478089333,0.007738540414720774,45.671618299998954
0265,0.009706173542646161,6,20,39,139,8,3,1,1,0.007017211988568306,0.007016864605247974,0.007401404902338982,0.007399868220090866,58.4331790999986
0162,0.0004257494904478956,7,17,47,64,3,0,1,0,0.020415091887116432,0.020414067432284355,0.018177174031734467,0.0181751549243927,35.79422400000112
0193,0.009575093678226607,6,24,81,52,3,0,1,0,0.011930637992918491,0.011930362321436405,0.011670012027025223,0.011666434817016125,46.03619620000063
0200,0.005231079312062187,5,15,83,92,3,0,1,0,0.009174647741019726,0.009174691513180733,0.00903521291911602,0.009033389389514923,79.80334980000043
0205,0.006184303815555539,5,25,85,118,8,3,1,1,0.006749122403562069,0.006749236490577459,0.006506957579404116,0.006507457233965397,109.8841087999972
0169,0.0026509982731365393,10,26,37,111,8,0,0,0,0.008426682092249393,0.008426551707088947,0.008540366776287556,0.008537550456821918,37.45753060000061
0199,0.001273764696056487,6,16,85,80,8,0,0,0,0.009489532560110092,0.009489765390753746,0.009326018393039703,0.00932319462299347,64.2554444999987
0266,0.002924269946621087,4,18,85,129,8,3,1,1,0.006905936170369387,0.006906094960868359,0.006667178589850664,0.00666982913389802,175.28584000000046
0166,0.0005411531797772889,9,13,62,142,8,3,1,1,0.013138369657099247,0.013138425536453724,0.012371286749839783,0.012371818535029888,42.418046000002505
0170,0.0001002972270205453,10,23,98,152,3,0,1,0,0.06096554920077324,0.06096094474196434,0.04838957637548447,0.04839203134179115,60.046720299997105
0197,0.005256055651516419,4,16,85,106,8,0,0,0,0.00665283715352416,0.0066527193412184715,0.006746875122189522,0.006749250926077366,134.14036950000082
0198,0.003449485159787074,11,13,101,133,8,0,0,0,0.006732052657753229,0.006732067093253136,0.006814293097704649,0.00681304931640625,55.26603249999971
0202,0.0018018826900023162,5,20,72,101,3,0,1,0,0.010304437950253487,0.01030421070754528,0.010212232358753681,0.01021106168627739,98.33764810000139
0204,0.009645612058632345,12,24,108,55,3,0,1,0,0.012660863809287548,0.012660495005548,0.012385815382003784,0.012383837252855301,33.5670506000024
0275,0.0091518728468961,3,21,44,77,8,3,1,1,0.009658337570726871,0.009658410213887691,0.009264536201953888,0.009263385087251663,109.77766489999703
0175,0.0035157669392935006,10,20,81,159,8,3,1,1,0.006563159171491861,0.006563202012330294,0.006483500357717276,0.006482776720076799,50.91793139999936
0178,0.0033790366998778633,4,22,89,124,8,0,0,0,0.0059849852696061134,0.005984895396977663,0.005917790811508894,0.005917145870625973,171.35245439999926
0228,0.00035130677235196815,7,17,113,78,8,0,0,0,0.012202266603708267,0.012202205136418343,0.01204123254865408,0.012041625566780567,61.38146820000111
0206,0.005231079312062187,5,15,83,92,8,3,1,1,0.008380768820643425,0.008380649611353874,0.008108790963888168,0.008108888752758503,80.44912889999978
0211,0.0025111087638684153,9,25,125,86,3,0,1,0,0.010426787659525871,0.01042627077549696,0.009891354478895664,0.009892667643725872,71.05016619999878
0213,0.005429870682531079,9,23,38,137,3,0,1,0,0.008864200673997402,0.008863589726388454,0.008488004095852375,0.008490493521094322,38.618670799998654
0216,0.0025111087638684153,9,25,125,86,8,3,1,1,0.009020423516631126,0.009020421653985977,0.008862175047397614,0.008864086121320724,69.7013498999986
0277,0.0006137659553107151,11,22,91,77,8,0,0,0,0.012222005054354668,0.012222095392644405,0.012085745111107826,0.012088648974895477,31.7672986999969
0177,0.005618877533128447,10,13,100,135,8,0,0,0,0.006420659366995096,0.006420549005270004,0.006512523163110018,0.00651004072278738,55.064771099998325
0201,0.0006490955887196955,9,15,112,159,3,0,1,0,0.01639389432966709,0.016393454745411873,0.01478517148643732,0.014785238541662693,61.64799459999995
0230,0.006951730712544147,4,21,71,54,3,0,1,0,0.011642414145171642,0.011642064899206161,0.011200525797903538,0.011198519729077816,75.35350169999947
0214,0.0011233586048787273,11,24,52,138,3,0,1,0,0.013298100791871548,0.013297408819198608,0.01152802724391222,0.011524956673383713,39.97509899999932
0219,0.0004668234933893038,4,21,75,144,8,0,0,0,0.008319349028170109,0.00831899605691433,0.008129838854074478,0.008128507994115353,168.78846479999993
0217,0.00014926855017949073,11,17,103,92,8,0,0,0,0.018876394256949425,0.018875988200306892,0.018035057932138443,0.018036216497421265,34.1214069000016
0278,0.00017237763068269322,11,13,108,70,8,0,0,0,0.01911274902522564,0.019113056361675262,0.018278712406754494,0.018282989040017128,33.20646420000048
0231,0.00010809201481934106,12,18,110,139,3,0,1,0,0.0789683386683464,0.07896225154399872,0.0619029738008976,0.06190289184451103,38.65180970000074
0203,0.006184303815555539,5,25,85,118,3,0,1,0,0.007687282282859087,0.007687151897698641,0.007171483710408211,0.007169221993535757,109.95431459999963
0180,0.0017398517243763685,9,16,42,54,3,0,1,0,0.016092238947749138,0.016092227771878242,0.015640806406736374,0.01563997194170952,21.350478100001055
0224,0.006859420873537323,6,23,125,98,3,0,1,0,0.008432650938630104,0.008432408794760704,0.008096707984805107,0.00809986051172018,97.9783193000003
0232,0.0002554250999925033,8,15,65,124,3,0,1,0,0.029899166896939278,0.029897509142756462,0.02373851090669632,0.023740626871585846,43.55927159999919
0239,0.007399608206353054,3,26,83,58,8,0,0,0,0.010097283869981766,0.01009720005095005,0.01003041211515665,0.01003555953502655,143.92901979999806
0225,0.003691954917316631,11,18,124,158,8,3,1,1,0.006427053827792406,0.006427047774195671,0.006272467784583569,0.006273799110203981,68.90038789999744
0234,0.00020263128279152088,11,14,57,78,3,0,1,0,0.04215562343597412,0.04215077683329582,0.03168914094567299,0.03169786185026169,28.233418699997856
0284,0.00048823452853089146,11,15,94,80,3,0,1,0,0.023054497316479683,0.02305375225841999,0.02048802562057972,0.020484352484345436,31.510343699999794
0182,0.001673428527660989,4,20,36,55,3,0,1,0,0.014345173723995686,0.014345146715641022,0.013603572733700275,0.01360499206930399,48.88463709999996
0229,0.000515805898561674,4,14,113,120,8,0,0,0,0.008970797061920166,0.008970692753791809,0.009051764383912086,0.009050566703081131,200.12164299999858
0235,0.0018492573544654537,5,14,54,159,8,3,1,1,0.007378815673291683,0.007378656882792711,0.007091811392456293,0.007088516838848591,96.6042325999988
0240,0.002606434463202174,12,26,125,102,3,0,1,0,0.01162505429238081,0.011624794453382492,0.01134431455284357,0.011345828883349895,41.304425000002084
0248,0.00021477648367203856,4,23,59,153,8,0,0,0,0.009594251401722431,0.00959425326436758,0.009339292533695698,0.009340964257717133,153.91078349999952
0226,0.00308419615089453,5,22,66,131,8,3,1,1,0.007089416496455669,0.007089563179761171,0.00695798872038722,0.0069566890597343445,104.6082920000008
0210,0.00011551611366552291,6,25,97,90,3,0,1,0,0.03742989897727966,0.03742634505033493,0.02898067608475685,0.028986817225813866,78.614628299998
0291,0.0010309260084789597,7,24,79,147,3,0,1,0,0.011088971048593521,0.011088551953434944,0.01013545785099268,0.010136677883565426,67.55625060000239
0194,0.009275159422772563,10,18,73,109,3,0,1,0,0.008654612116515636,0.008654759265482426,0.008417489938437939,0.00841695349663496,45.18752660000246
0233,0.0018492573544654537,5,14,54,159,3,0,1,0,0.0089334761723876,0.008933527395129204,0.008402976207435131,0.008400577120482922,100.52629440000237
0236,0.006951730712544147,4,21,71,54,8,3,1,1,0.011041169986128807,0.011041303165256977,0.010651418007910252,0.010656111873686314,74.61969549999776
0249,0.00011586583137693426,4,16,124,119,8,0,0,0,0.013594642281532288,0.013594785705208778,0.013017111457884312,0.013013486750423908,221.7895368999998
0241,0.00617050452258954,5,15,116,76,3,0,1,0,0.009794306010007858,0.009794220328330994,0.009821881540119648,0.009824948385357857,109.59424870000294
0227,0.00014919836642562443,5,23,86,117,8,0,0,0,0.012582597322762012,0.012582430616021156,0.012119042687118053,0.01211704034358263,108.02224990000104
0295,0.001991490896520728,6,14,84,146,8,3,1,1,0.007172743324190378,0.007172648329287767,0.006908264476805925,0.006906970404088497,98.35575199999948
0208,0.0026187837487828816,5,19,46,96,8,0,0,0,0.008517068810760975,0.008516872301697731,0.008378519676625729,0.00837563443928957,58.9664159999993
0243,0.00024074172861114117,10,20,52,119,3,0,1,0,0.02556353062391281,0.025562813505530357,0.02283843420445919,0.022837147116661072,38.31862230000115
0252,0.002332058207624143,7,24,41,71,3,0,1,0,0.012109601870179176,0.012109947390854359,0.011620421893894672,0.011626364663243294,38.76968740000302
0212,0.00010622813894476952,10,18,124,105,3,0,1,0,0.07460892200469971,0.0746038556098938,0.060432322323322296,0.0604311041533947,65.98327659999995
0255,0.0032729095486270484,10,17,101,155,8,3,1,1,0.006803740281611681,0.006803825031965971,0.0066461083479225636,0.0066426582634449005,58.12851750000118
0209,0.00692839655503557,10,15,103,61,8,0,0,0,0.011091722175478935,0.011091937310993671,0.010848443023860455,0.010851624421775341,32.63714289999916
0245,0.0014139908322789929,6,15,120,145,8,3,1,1,0.007227836176753044,0.007227823603898287,0.007181874942034483,0.007182562258094549,139.96072950000234
0253,0.002481250422795769,4,15,57,69,3,0,1,0,0.012727978639304638,0.01272740587592125,0.012644299305975437,0.012644225731492043,73.77277800000229
0237,0.00014532569603585666,6,24,70,92,8,0,0,0,0.014408539980649948,0.014408423565328121,0.0139736607670784,0.013972833752632141,58.7309153999995
0218,0.0003305478759754872,4,13,42,118,8,0,0,0,0.011382716707885265,0.011382825672626495,0.011050267145037651,0.011049826629459858,91.3127886000002
0244,0.0014139908322789929,6,15,120,145,3,0,1,0,0.00961937103420496,0.009618809446692467,0.008915310725569725,0.008912862278521061,138.16520189999937
0296,0.005467669439745048,8,12,88,105,8,3,1,1,0.00842035748064518,0.00842022430151701,0.008173888549208641,0.008175117895007133,48.29421619999994
0215,0.005429870682531079,9,23,38,137,8,3,1,1,0.007723389193415642,0.007723313290625811,0.0075250533409416676,0.00752524146810174,38.25066650000008
0246,0.00617050452258954,5,15,116,76,8,3,1,1,0.008994624018669128,0.00899454578757286,0.008852828294038773,0.008849157951772213,111.93900980000035
0238,0.008530402116968146,7,15,54,135,8,0,0,0,0.006664210464805365,0.006664130371063948,0.006591129582375288,0.006590161006897688,52.961914700001216
0256,0.0016137433190825015,11,18,78,131,8,3,1,1,0.008693485520780087,0.008693489246070385,0.008485771715641022,0.008488444611430168,47.66552270000102
0247,0.0025811754115584026,3,12,62,65,8,0,0,0,0.010136857628822327,0.010137028060853481,0.009964044205844402,0.009964504279196262,111.07903459999943
0221,0.00308419615089453,5,22,66,131,3,0,1,0,0.007975880987942219,0.007975573651492596,0.007779513951390982,0.0077772620134055614,101.77458190000107
0294,0.005467669439745048,8,12,88,105,3,0,1,0,0.009561074897646904,0.00956095289438963,0.009113484062254429,0.009115136228501797,48.48444269999891
0254,0.0032729095486270484,10,17,101,155,3,0,1,0,0.008319663815200329,0.008319496177136898,0.007685968652367592,0.007684449199587107,59.09952350000094
0220,0.003691954917316631,11,18,124,158,3,0,1,0,0.007803832180798054,0.007803217973560095,0.007230326998978853,0.007229380309581757,69.34808619999967
0261,0.0047344570764701,5,26,58,98,3,0,1,0,0.009061086922883987,0.009061030112206936,0.008606293238699436,0.008603634312748909,71.7765115000002
0270,0.0091518728468961,3,21,44,77,3,0,1,0,0.010113128460943699,0.010112782940268517,0.009836466982960701,0.009839401580393314,111.17872319999879
0251,0.00039499566180543715,6,18,71,52,3,0,1,0,0.01957567408680916,0.01957518234848976,0.01731688901782036,0.017311742529273033,41.64113649999854
0258,0.005488969469040213,9,14,96,89,8,0,0,0,0.008265911601483822,0.008265870623290539,0.008377316407859325,0.008376752957701683,50.43694350000078
0281,0.0006737361349295041,5,16,83,55,3,0,1,0,0.01868809014558792,0.01868772692978382,0.016879474744200706,0.016880875453352928,61.9867923999991
0257,0.003788350537374789,9,18,42,52,8,0,0,0,0.012169367633759975,0.012169183231890202,0.012122953310608864,0.012120523490011692,22.8631776000002
0268,0.004589621532430345,6,25,99,71,8,0,0,0,0.009188330732285976,0.009188266471028328,0.009047038853168488,0.009046332910656929,58.99470979999751
0288,0.000881825746836976,9,19,111,126,8,0,0,0,0.008052854798734188,0.008052481338381767,0.007998533546924591,0.007993965409696102,62.887865700002294
0286,0.0008731606875086716,7,18,94,116,8,3,1,1,0.00969262607395649,0.009692312218248844,0.00964250136166811,0.00963898841291666,72.54942380000284
0242,0.004116823186183904,10,23,84,75,3,0,1,0,0.012084627524018288,0.012084824964404106,0.011705420911312103,0.011705835349857807,30.959724199998163
0259,0.00035763622035836295,10,15,92,149,8,0,0,0,0.01116558164358139,0.011166004464030266,0.010853148996829987,0.010853023268282413,52.31696219999867
0260,0.0003167431843224537,12,14,98,89,3,0,1,0,0.029885495081543922,0.029884938150644302,0.026623178273439407,0.02663634903728962,32.11117580000064
0282,0.0002775931598849941,5,17,110,155,3,0,1,0,0.018302153795957565,0.018301544710993767,0.016055546700954437,0.01606038771569729,179.47910559999946
0273,0.00010598390202455943,11,24,101,92,3,0,1,0,0.05779512971639633,0.057788800448179245,0.040803804993629456,0.04079989716410637,34.382648799997696
0290,0.0015881542728189355,4,14,102,55,3,0,1,0,0.014120141044259071,0.014119453728199005,0.013538289815187454,0.013539515435695648,94.05055970000103
0299,0.004065563455347466,9,24,97,110,8,0,0,0,0.007208995521068573,0.007209125906229019,0.007183620240539312,0.007182463072240353,56.428921899998386
0271,0.0011080119588590027,10,24,77,104,3,0,1,0,0.013064317405223846,0.013064217753708363,0.012018458917737007,0.01201520673930645,52.267653800001426
0283,0.0031651738149098808,11,17,59,153,3,0,1,0,0.00909760408103466,0.009097222238779068,0.008507178165018559,0.008505921810865402,42.452303799997026
0269,0.0014789571342550213,6,24,48,102,8,0,0,0,0.008909201249480247,0.008909215219318867,0.008879953995347023,0.008877716027200222,49.07187989999875
0293,0.001991490896520728,6,14,84,146,3,0,1,0,0.008895644918084145,0.008895504288375378,0.008258040994405746,0.008261099457740784,98.97593270000289
0280,0.0008731606875086716,7,18,94,116,3,0,1,0,0.01290859840810299,0.01290783192962408,0.01192143838852644,0.011923628859221935,75.34821589999774
0297,0.007653851758014979,4,18,81,155,8,0,0,0,0.004998798482120037,0.004998729098588228,0.004704666789621115,0.004705988802015781,194.21997499999998
0298,0.0017203206616998663,8,19,97,84,8,0,0,0,0.009098838083446026,0.00909839104861021,0.008990849368274212,0.008987563662230968,54.39308230000097
0274,0.0010331041248433069,6,13,50,109,3,0,1,0,0.01309762243181467,0.013096760958433151,0.012213258072733879,0.0122113898396492,56.552200499998435
0262,0.009706173542646161,6,20,39,139,3,0,1,0,0.008653644472360611,0.008653396740555763,0.007818929851055145,0.00781805720180273,63.438927299997886
0272,0.0032404652849167656,9,16,79,71,3,0,1,0,0.012307536788284779,0.012307052500545979,0.011912276037037373,0.011915288865566254,28.160908999998355
0267,0.00010948613131018006,6,21,68,117,8,0,0,0,0.015040446072816849,0.01504004467278719,0.01444406621158123,0.014446057379245758,72.73602160000155
0292,0.0004169710234136927,10,18,103,84,3,0,1,0,0.021935628727078438,0.021933747455477715,0.019558792933821678,0.019556380808353424,34.76469960000031
0285,0.0031651738149098808,11,17,59,153,8,3,1,1,0.00760992057621479,0.007609629537910223,0.007507126312702894,0.007508852519094944,42.80576590000055
0289,0.002454868748703502,7,19,46,64,8,0,0,0,0.01072905957698822,0.010728799737989902,0.010751740075647831,0.010753368958830833,36.28709239999807
0263,0.002924269946621087,4,18,85,129,3,0,1,0,0.008413511328399181,0.008413814939558506,0.008041847497224808,0.00804157368838787,175.87701880000168
0279,0.00014340224055865128,5,15,119,74,8,0,0,0,0.015792163088917732,0.015792708843946457,0.01543172262609005,0.0154269365593791,92.30022810000082
0276,0.0032404652849167656,9,16,79,71,8,3,1,1,0.011377887800335884,0.011378113180398941,0.011350865475833416,0.011348829604685307,28.46086750000177
0287,0.007559135107310354,8,12,107,89,8,0,0,0,0.008420048281550407,0.008419938385486603,0.008169145323336124,0.008173534646630287,58.89338759999737
